{
  "degree": 10,
  "n_coeffs": 11,
  "max_error": 1.2261059615520375e-10,
  "worst_z": 3.377087708770877,
  "target_error": 5e-09,
  "max_z": "6.5",
  "wad": "1000000000000000000",
  "scale_decimal": "1000000000",
  "num_coeffs_str": [
    "0.398942280401432702863218082712",
    "-0.243682528979925694742459161308",
    "-0.00611345556226805177399989065031",
    "0.0384297084512260889795685383909",
    "-0.00927630120983793788879102248686",
    "-0.0007658214568873306646908374515",
    "0.000760313207992553618447460578583",
    "-0.000161306473870742401819264638639",
    "0.0000172883584283928404802535346396",
    "-0.000000969443049627886045925727015026",
    "0.000000022720142472804781573733816691"
  ],
  "den_coeffs_str": [
    "1.0",
    "-0.610821521152797392372881842731",
    "0.484675942747581427188218992452",
    "-0.209082745173570014524537101623",
    "0.0940905753651601423682011539211",
    "-0.0301226788595895931731640746899",
    "0.00922701939550103998305242675452",
    "-0.00208831438000701847782412406043",
    "0.000411680000485107618320482274313",
    "-0.0000515445349886441026067623097035",
    "0.00000449515795880241737979658947339"
  ],
  "support_points": [
    0.0,
    6.5,
    0.5643128625725145,
    2.228645729145829,
    2.9359871974394878,
    1.5278055611122223,
    4.357171434286857,
    5.130826165233046,
    0.28865773154630925,
    0.8672734546909381,
    5.8368673734746945
  ],
  "support_values": [
    0.3989422804014327,
    2.669556614762852e-10,
    0.34021992350618047,
    0.033294288067116026,
    0.0053591551104636885,
    0.12417872139441517,
    3.0087222226493394e-05,
    7.663498087012849e-07,
    0.3826631517269701,
    0.27389234375364546,
    1.5955712825409524e-08
  ],
  "weights": [
    0.05980205920191653,
    0.10813294867625528,
    0.5752377773798969,
    -0.17836162820128337,
    0.1255606848012683,
    0.22102745938927573,
    -0.19073689608401298,
    0.3526985486961113,
    -0.30956683092147297,
    -0.4501016117832165,
    -0.3133705016392757
  ]
}