{
  "degree": 10,
  "n_coeffs": 11,
  "max_error": 1.0021111241168001e-10,
  "worst_z": 3.3598483140396036,
  "target_error": 5e-09,
  "max_z": "6.402729806",
  "acc_scale": "1000000000000000000000000000000000000",
  "scale_decimal": "1000000000",
  "num_coeffs_str": [
    "0.398942280401432702863218082712",
    "-0.242845591915512138341059407047",
    "-0.00751520983280745288424400330405",
    "0.0390596900285504756765396084073",
    "-0.00924659992788961711841243817721",
    "-0.000882317025523044149273120510895",
    "0.000805072538317029935744293267827",
    "-0.000169962283839163075466635217033",
    "0.0000182381864470685718871806582872",
    "-0.00000102603053304014795714849446704",
    "0.0000000241498472665504308445487922869"
  ],
  "den_coeffs_str": [
    "1.0",
    "-0.608723630070529357412518780677",
    "0.481162240074944379062467375242",
    "-0.20645442000462785488455988531",
    "0.0924068951937075583642261552544",
    "-0.0293587799827753027022656223372",
    "0.00892848610292577278668806685335",
    "-0.00200180192299159360100464834812",
    "0.000391838007846665825466191107571",
    "-0.0000486457604685993336233185591217",
    "0.00000423988486102545964335047618625"
  ],
  "support_points": [
    0.0,
    6.402729806,
    0.5648337356363273,
    2.231157295869574,
    2.9061400139655933,
    1.5267161289761952,
    4.330391973211842,
    5.087346027091819,
    0.2868996752438488,
    0.8645414320964193,
    5.768732755795959
  ],
  "support_values": [
    0.3989422804014327,
    4.999999999906422e-10,
    0.34011988939416005,
    0.033108343043641325,
    0.005847369227477014,
    0.12438550777576965,
    3.379877989075682e-05,
    9.569800109720588e-07,
    0.3828568019231477,
    0.27454105205255247,
    2.3693209778295244e-08
  ],
  "weights": [
    0.059276907772360915,
    0.10834417413014931,
    0.5715354459874791,
    -0.1847984121704112,
    0.13103804495523527,
    0.22123826001653366,
    -0.1912963017056985,
    0.3551702467909831,
    -0.3042192677617276,
    -0.45066180044393506,
    -0.31534367212084974
  ]
}