{
  "degree": 9,
  "n_coeffs": 10,
  "max_error": 1.359945489554093e-10,
  "worst_z": 5.5785778577857785,
  "target_error": 5e-09,
  "max_z": "6.3",
  "wad": "1000000000000000000",
  "scale_decimal": "1000000000",
  "num_coeffs_str": [
    "0.5",
    "0.190807717061735533722397937819",
    "-0.0184777272784881849360740842371",
    "0.0150468975038818934902090681612",
    "0.0108713723365771493123153249864",
    "-0.000775678067926219464947591347128",
    "-0.0000105535816417502361966732427613",
    "0.000278046679204823235375702873336",
    "-0.0000519560676958607007283403911608",
    "0.00000913828895554687010826640122112"
  ],
  "den_coeffs_str": [
    "1.0",
    "-0.416269127949675210821703518045",
    "0.295179293486155403108718256978",
    "-0.0724448708960041641679881230103",
    "0.0241921387026744569565119670445",
    "-0.00155699478100702813439432055572",
    "-0.0000877108999798853277196007493108",
    "0.000295740460136491475055586980799",
    "-0.0000532276282877232421228511862571",
    "0.00000917235379018797930634088814227"
  ],
  "support_points": [
    0.0,
    6.3,
    0.33900780156031207,
    1.6206841368273655,
    2.935127025405081,
    4.027765553110622,
    0.6893578715743148,
    5.1569513902780555,
    2.3755751150230044,
    0.21298259651930387
  ],
  "support_values": [
    0.5,
    0.9999999998511772,
    0.632698073489363,
    0.9474573012872743,
    0.9983329441573963,
    0.999971845274303,
    0.7547009560990549,
    0.9999998744985348,
    0.9912391871480598,
    0.5843297313870727
  ],
  "weights": [
    0.11607161283812024,
    -0.005684257664621967,
    0.7078138424674617,
    0.07517243213016804,
    0.07019631458692588,
    -0.031094175041343285,
    -0.21004079089744454,
    0.017810372131058263,
    -0.0913470175960245,
    -0.64897669345208
  ]
}