{
  "degree": 9,
  "n_coeffs": 10,
  "max_error": 1.633423396540934e-10,
  "worst_z": 5.503296101253625,
  "target_error": 5e-09,
  "max_z": "6.109410205",
  "acc_scale": "1000000000000000000000000000000000000",
  "scale_decimal": "1000000000",
  "num_coeffs_str": [
    "0.5",
    "0.191644129403732850214709228035",
    "-0.0181606598622506879226071240063",
    "0.0150104849194410665101952468188",
    "0.0108926633804068936930329447997",
    "-0.000757943964976078150277774394902",
    "-0.0000126683227733694895233396125208",
    "0.000278361733381861571098556526595",
    "-0.0000517919455608093524604600899211",
    "0.0000091291865669473628907027238903"
  ],
  "den_coeffs_str": [
    "1.0",
    "-0.414596303534481427187968695756",
    "0.29447871412150727244531788843",
    "-0.0719587694764455458291261413123",
    "0.0240695535637816094892755936318",
    "-0.00151745805703162436705061342729",
    "-0.0000913134854670589273386259154394",
    "0.000296025247214266612846004900738",
    "-0.0000530524996339103127131232113416",
    "0.00000916276350577806235244843129794"
  ],
  "support_points": [
    0.0,
    6.109410205,
    0.3397511576295259,
    1.6144290619733945,
    2.911105242710542,
    3.974355268385677,
    0.6880572005231046,
    5.043715926392278,
    2.395367873934787,
    0.2652014431856371
  ],
  "support_values": [
    0.5,
    0.9999999995,
    0.6329780336732187,
    0.9467828038907194,
    0.9981992365746094,
    0.9999647149202701,
    0.7542916194181378,
    0.9999997717115024,
    0.9916981514069155,
    0.6045728584020461
  ],
  "weights": [
    0.056025103951758956,
    -0.003834271674828922,
    0.7273784721112562,
    0.04787946425563215,
    0.05062794686715873,
    -0.02173092281059791,
    -0.1447635300133446,
    0.012303204042888417,
    -0.0625531794523457,
    -0.6613761642047434
  ]
}