{
  "central": {
    "degree": 8,
    "n_coeffs": 9,
    "max_error": 7.406870672355126e-10,
    "worst_x": 0.475,
    "min_abs_d": 0.000134054394940493,
    "num_coeffs_str": [
      "8.3972305559394255e-11",
      "2.506628254154931",
      "-16.36770516114937",
      "33.543029084694709",
      "-4.6640714094010036",
      "-66.749240883508804",
      "76.683461193510112",
      "-20.089216772437418",
      "-4.6262162794515778"
    ],
    "den_coeffs_str": [
      "1",
      "-6.5297702251051692",
      "12.334556167734767",
      "4.9768338942441481",
      "-41.843124728576022",
      "40.368251986910948",
      "1.4641435713241175",
      "-16.255923057278231",
      "4.3402757404938885"
    ]
  },
  "tail": {
    "degree": 4,
    "n_coeffs": 5,
    "max_error": 2.4525270703179558e-11,
    "worst_x": 2.716203031481239,
    "min_abs_d": 45.94317073096628,
    "num_coeffs_str": [
      "-3.0943397105617336",
      "-6.207376019943557",
      "3.075018098279669",
      "3.306509139927573",
      "0.38680465651912765"
    ],
    "den_coeffs_str": [
      "1",
      "4.664193128006789",
      "3.324846871342176",
      "0.38644130209389493",
      "0.000004952204793303"
    ]
  },
  "target_error": 1e-09,
  "min_abs_d": 1e-09,
  "split": "0.975",
  "split_raw": 975000000,
  "max_z": "6.109410205",
  "max_z_raw": 6109410205,
  "half_raw": 500000000,
  "tail_min_p": "1e-9",
  "r_min": 2.716203031481239,
  "r_max": 6.4378980788680416,
  "acc_scale": "1000000000000000000",
  "scale_decimal": "1000000000"
}
