{
  "central": {
    "degree": 8,
    "n_coeffs": 9,
    "max_error": 1.307653985094248e-10,
    "worst_x": 0.0666270783847981,
    "min_abs_d": 8.958126489870702e-05,
    "num_coeffs_str": [
      "0.0",
      "2.50662826446957161985942215595",
      "-17.211346154536042450360534802",
      "38.7456274159449434780192885208",
      "-14.9030300820941746864224831156",
      "-63.7428383398870657800365390694",
      "89.3081125538211061687519274389",
      "-33.3391997716424837872143149885",
      "-1.344048680080004914223563542"
    ],
    "den_coeffs_str": [
      "1.0",
      "-6.86633420088475175243274080286",
      "14.4100961744662501062368734805",
      "1.24436946558445048837176897166",
      "-42.8145538832048361050548385747",
      "50.0624711466210822374228854597",
      "-7.4200861813845102149214265676",
      "-15.126647579590311340947415211",
      "5.29188073065374450748062009313"
    ],
    "support_points": [
      0.475,
      0.0,
      0.19301700425106275,
      0.3847274318579645,
      0.4398412103025756,
      0.026250312578144534,
      0.4620530132533133,
      0.2584646161540385,
      0.4689422355588897
    ],
    "support_values": [
      1.9599639845400538,
      0.0,
      0.5044203915555371,
      1.1989557908108797,
      1.5534419838079216,
      0.0658473290456184,
      1.7750237031174025,
      0.7013721980184782,
      1.8654701756079952
    ],
    "weights": [
      -0.10992458838667744,
      -0.17430628083253177,
      -0.3314042491379058,
      -0.20869235502871414,
      0.30797699070605816,
      0.2527857241944074,
      -0.5523585334231866,
      0.3469020175103126,
      0.4690002362230433
    ]
  },
  "tail": {
    "degree": 4,
    "n_coeffs": 5,
    "max_error": 1.2586376385570475e-11,
    "worst_x": 2.7771534066790977,
    "min_abs_d": 46.232440645602516,
    "num_coeffs_str": [
      "-3.09717836326623170972129859746",
      "-6.24749120859021123692877201085",
      "3.08015081755632867651314333443",
      "3.3284765724353109999836736851",
      "0.390491396161536018278011919282"
    ],
    "den_coeffs_str": [
      "1.0",
      "4.68321634638361611471001769608",
      "3.34705368542443755936392994966",
      "0.390121875248616364129337165807",
      "0.00000505614810724572849039771945268"
    ],
    "support_points": [
      2.716203031481239,
      6.4378980788680416,
      5.497004432229367,
      3.9465308265913546,
      3.3062392055355607
    ],
    "support_values": [
      1.9599639845400543,
      5.9978070150076865,
      5.008386468532173,
      3.3426804686622207,
      2.633156730878956
    ],
    "weights": [
      -0.12924461259039757,
      -0.21061936884624582,
      0.45536261873996875,
      -0.6597918192395192,
      0.5442930757432533
    ]
  },
  "target_error": 1e-09,
  "min_abs_d": 1e-09,
  "split": "0.975",
  "split_raw": 975000000,
  "max_z": "6.3",
  "max_z_raw": 6300000000,
  "half_raw": 500000000,
  "tail_min_p": "1e-9",
  "r_min": 2.716203031481239,
  "r_max": 6.4378980788680416,
  "wad": "1000000000000000000",
  "scale_decimal": "1000000000"
}